{"cameraMode":{"drawMode":0,"name":"Shaded","section":"Shading Mode"},"sceneLighting":true,"audioPlay":false,"sceneViewState":{"m_AlwaysRefresh":false,"showFog":true,"showSkybox":true,"showFlares":true,"showImageEffects":true,"showParticleSystems":true,"showVisualEffectGraphs":true,"m_FxEnabled":true},"in2DMode":false,"pivot":{"x":-25.339853286743165,"y":-6.214048385620117,"z":-15.321390151977539},"rotation":{"x":-0.1203826442360878,"y":0.06459487229585648,"z":-0.007791959680616856,"w":-0.9908429980278015},"size":3.5758025646209719,"orthographic":false}