{"cameraMode":{"drawMode":0,"name":"Shaded","section":"Shading Mode"},"sceneLighting":true,"audioPlay":false,"sceneViewState":{"m_AlwaysRefresh":false,"showFog":true,"showSkybox":true,"showFlares":true,"showImageEffects":true,"showParticleSystems":true,"showVisualEffectGraphs":true,"m_FxEnabled":true},"in2DMode":false,"pivot":{"x":-113.41792297363281,"y":-3.666749954223633,"z":-35.792625427246097},"rotation":{"x":-0.017021995037794114,"y":-0.9584729671478272,"z":0.058538928627967837,"w":-0.27863118052482607},"size":4.288910388946533,"orthographic":false}