{"cameraMode":{"drawMode":0,"name":"Shaded","section":"Shading Mode"},"sceneLighting":true,"audioPlay":false,"sceneViewState":{"m_AlwaysRefresh":false,"showFog":true,"showSkybox":true,"showFlares":true,"showImageEffects":true,"showParticleSystems":true,"showVisualEffectGraphs":true,"m_FxEnabled":true},"in2DMode":false,"pivot":{"x":9.884037017822266,"y":-2.0535199642181398,"z":-20.990123748779298},"rotation":{"x":-0.11414789408445358,"y":0.27073949575424197,"z":-0.03236862272024155,"w":-0.9555721282958984},"size":13.233397483825684,"orthographic":false}