{"cameraMode":{"drawMode":0,"name":"Shaded","section":"Shading Mode"},"sceneLighting":true,"audioPlay":false,"sceneViewState":{"m_AlwaysRefresh":false,"showFog":true,"showSkybox":true,"showFlares":true,"showImageEffects":true,"showParticleSystems":true,"showVisualEffectGraphs":true,"m_FxEnabled":true},"in2DMode":false,"pivot":{"x":-4.497440814971924,"y":-6.5643720626831059,"z":-1.7576063871383668},"rotation":{"x":0.04429035633802414,"y":0.06557675451040268,"z":-0.0029226799961179497,"w":0.9969150424003601},"size":18.31292152404785,"orthographic":false}